600000008,DOW FROST TAMBOR COM 220 KG
600000012,HIPOCLORITO DE SODIO - BOMBONA 60 LITROS
600000029,DIVOVAP LCC - BOMBONA
600000081,FILTRO CELULOSE 10 POLEGADA - EC 103
600000082,FILTRO CARVAO ATIVADO10 POLEGADAS CB5 10
600001303,ABRACADEIRA 7/8 DE REGULAGEM INOX
600001304,KIT ADESIVO MN KAISER
600001305,DISCO DE 0100X038X2MM P TORRE NAJA
600001307,DISCO CENTRAL 1051-3
600001308,DISCO DIANTEIRO 1002-8
600001309,DISCO TRASEIRO 1002-9
600001310,JOGO DE PALHETA 1050-9L 5/8
600001312,ROLAMENTO DE ESFERA PARA BOMBA PROCON
600001313,ROTOR 1049-3S 5/8 P/ BOMBA PROCON
600001314,SELO MECÂNICO 1034-A7 NITRILE
600001316,BOMBA DE CARBONATACÃO LATÃO
600001317,BOMBA DE RECIRCULACÃO INOX
600001318,PROGRAMADOR DIG 3 SAIDAS GELADEIRA VN
600001319,BUCHA 8 MM
600001320,CONTATOR CW 07-10 220V
600001323,ENGATE RÁPIDO EM INOX
600001324,ETIQUETA SANITIZACÃO DE CHOPP
600001325,FITA DE ISOLAMENTO MONT FLEX
600001327,JUMP 3/8 EM INOX P/ 2 LINHAS
600001328,MANGUEIRA CRISTAL 5/8 ESPESSURA 3 MM
600001329,MEDALHÃO SOL
600001330,MEDALHÃO KAISER CHOPP
600001331,MEDALHÃO XINGU CHOPP
600001332,MOTOR AGITADOR 1/40 EIXO LONGO
600001333,MOTOR MONOFÁSICO 1/4 CV 1745 RPM
600001334,REBITE POP 1/8
600001335,ENGATE RAPIDO EM INOX 3/8 MANGUEIRA INOX
600001337,ORING QUADRADO DA VÁLVULA EXTRATORA
600001338,POLIURETANO COMPOSTO B
600001339,POLIURETANO COMPOSTO A
600001340,PORCA SEXTAVADA ZINCADA  PARA CILIND. C2
600001344,SUPORTE PARA MEDALHÃO
600001345,TERMOSTATO ELETRONICO DIGITAL 220V
600001346,TRAVA GRANDE PARA BOMBA PROCON
600001347,TRAVA PEQUENA PARA BOMBA PROCON
600001348,TUB IN TUB INOX
600001349,TUBO DE INOX MALEAVEL 3/8
600001350,TUBO DE PVC 30 MM  3
600001351,TUBO DE PVC 4 POLEGADAS
600001352,TUBO ESPONJOSO DIÂM INTER 3/8 ESP1/4
600001353,VALVULA EXTRATORA EM ACO INOX
600001354,VALVULAS DISPENSADORA CREMADORA
600001355,ALICATE ABRACADEIRA ORELHA
600001356,ALICATE DE BICO 6
600001357,ALICATE MEIA CANA 6
600001358,"ALICATE UNIVERSAL 8"""
600001364,"CHAVE CANHÃO DE 1/4"""
600001365,CHAVE CANHÃO DE 10 MM
600001366,"CHAVE CANHÃO DE 5/16"""
600001367,CHAVE CANHÃO DE 8 MM
600001369,"CHAVE DE BOCA 3/4"" POR 25/32"""
600001370,"CHAVE DE BOCA 3/8"" POR 7/16"""
600001374,"CHAVE DE FENDA  1/4 X 6"""
600001376,"CHAVE DE FENDA 5/16"" X 8"""
600001377,CHAVE DE UNHA VALVULA DISPENSADORA
600001378,"CHAVE PHILIPS 1/4"" X 6"""
600001379,"CHAVE PHILIPS 3/16"" X 6"""
600001380,EXTRATOR CAMISA VÁLV CRICKET
600001381,GRIFO DE 12 POLEGADAS
600001382,MARTELO
600001383,MARTELO DE BORRACHA
600001384,PROVETA GRADUADA EM VIDRO 100ML
600001385,PROVETA GRADUADA EM VIDRO 250ML
600001387,TERMÔMETRO DIGITAL
600001388,TESOURA CORTA TUBO
600001389,TRANSFORMADOR DE VOLTAGEM 2000 WATS
600001390,TRUQUESA DE 12 POLEGADAS
600001391,DISCO DE LIXA FERRO NORTON 7X36
600001392,CHAVE ESTRELA 5/8X11/16 GEDORE
600001393,ABRACADEIRA PARA LÂMPADA
600001394,ACETILENO CARGA PARA CILINDRO DE 1 MT
600001395,ADESIVO VISU COCA COLA  PORTA DE VIDRO
600001396,ADESIVO VISU LATERAL COCA COLA VB99
600001397,ADESIVO PLÁSTICO PARA TUBOS
600001398,BANDEJA DE DEGELO REUBLY 51
600001399,BARRA DE TORCÃO CURTA MINI VEÚ
600001400,REBITE POP 512
600001402,CABO DO SENSOR DE DEGELO VN CINZA
600001403,CABO SENSOR DE TEMPERATURA VN PRETO
600001404,CANO DE COBRE DE 1/4
600001405,CANO DE COBRE DE 1/8
600001406,CANO DE COBRE DE 3/16
600001407,CANO DE COBRE DE 5/16
600001408,CAPACITOR ELÉTRICO 220V
600001409,COLETOR DE DRENO VB43
600001410,COMPRESSOR AZ 0360YS R34A 220V
600001411,COMPRESSOR AZ 0360YS R134A 110V
600001412,ETIQUETA VOLTAGEM 110V PLÁSTICA  5X20CM
600001413,ETIQUETA VOLTAGEM 220V PLÁSTICA 5X20CM
600001414,CESTO PARA LATA 350 ML GELADEIRA HB11
600001415,CESTO PARA PET 600ML GELADEIRA HB11
600001416,FILTRO SECADOR R134A XH9
600001417,FLUÍDO FORANE 141B
600001418,FLUÍDO REFRIGERANTE R134A
600001419,PAINEL DISPLAY HUSSMAN
600001421,GAXETA VB99 PRETA C/ ABA
600001422,GAXETA VN43C VÉU DE NOIVA CINZA
600001423,GAXETA DUPLA VB99 METALFRIO ANTIGA 48 LE
600001424,GAXETA REUBLY
600001425,GAXETA VN 43 METALFRIO C ABA
600001426,GAXETA PVC CINZA 620 X 1410MM  VISU CC
600001427,GRADE FRONTAL REUBLY PRETA DE FERRO
600001428,GRADE FRONTAL REUBLY 30
600001429,GRADE FRONTAL VN VERMELHA
600001430,TRANSFORMADOR EMS 110 V PARA 12 V
600001431,CLIP PRATA DE GELADEIRA IMBERA
600001433,HELICE C147 PARA MICRO MSP
600001434,LAMPADA FLUORESCENTE DE 15W
600001435,LAMPADA FLUORESCENTE DE 20W
600001436,MICRO SWIT GELADEIRA MTF VEU NOIVA
600001437,MODULO TRANSF/RELE QUANTUM 350mA 220V
600001438,MODULO TRANSF/RELE QUANTUM 110V
600001439,MOLA HELICOIDAL DE VB99 DUPLA
600001441,MOTOR 1/25 BIVOLT SENTIDO ANTI HORÁRIO
600001442,MOTOR 1/40 BIVOLT SENTIDO ANTI HORARIO
600001443,MOTOR COMPRESSOR TW1390YS R134A 110V
600001444,MOTOR COMPRESSOR TW1390YS R134A 220V
600001445,MOTOR DE INDUCÃO REUBLY 44 220V
600001446,MOTOR DE INDUCÃO REUBLY 44 110V
600001447,MOTOR DE INDUCÃO REUBLY 51 110V
600001448,MOTOR DE INDUCÃO REUBLY 51 220V
600001449,MOTOR DE INDUCÃO METALFRIO 110 V
600001450,MOTOR DE INDUCÃO METALFRIO 220V
600001451,NITROGÊNIO CARGA CILINDRO 10 MT
600001452,NITROGÊNIO CARGA CILINDRO 1 MT
600001453,OLEO PARA BOMBA DE VACUO
600001454,OXIGÊNIO CARGA PARA CILINDRO DE 1 MT
600001458,PARAFUSO BROCANTE MEDIDA M8 X 1/2
600001460,PRATELEIRA DE CCV144 IMBERA
600001461,GRADE PRATELEIRA VN29/44C
600001462,PROTETOR DE LAMPADA
600001463,REATOR CONVENCIONAL 18/20 - 110V
600001464,QUEPE DE GUARDA SUPERIOR  VERMELHO
600001465,QUEPE DE GUARDA AMARELO
600001466,REATOR CONVENCIONAL 18/20  220V
600001467,REATOR PRD 2X10X127V
600001469,SUPORTE DA BOMBA DO BAG
600001472,START 15~20 V COM CAPACITOR 110-220V
600001473,START 40V COM CAPACITOR 110-220V
600001474,SUPORTE PARA MOTOR DE INDUCÃO REUBLY 44
600001475,SUPORTE MINI VÉU
600001476,SUPORTE PARA MICRO MSP METALFRIO
600001477,TAMPAO PARA TUBO PVC BRANCO DE 4
600001478,TERMINAL FEMEA
600001479,TERMINAL MACHO
600001480,TESTEIRA EM ACRILICO TRANSPARENTE VB/VN
600001481,TOMADA FEMÊA  2 PINOS
600001482,TOMADA MACHO 2 PINOS
600001483,TRAVA PARA CADEADO MÉDIA
600001484,VARETA FOSCOPE
600001485,VARETA PRATA
600001486,ADESIVO ARALDITE SECAGEM RÁPIDA 10 MIN.
600001487,CABO FLEXIVEL 1 5 MM  - COR PRETA
600001488,CABO FLEXIVEL 1 5 MM  - COR VERMELHA
600001489,CABO PP 2 X 2 5 MM AO QUADADRO
600001490,PARAFUSO PARA BUCHA 8 MM
600001491,RELE DE RETARDO 127 V
600001492,RELE DE RETARDO 220V
600001493,OLEO LUBRIFICANTE EM SPRAY
600001494,T EM INOX 1/2 X 1/4
600001495,ANILHA 5/16
600001496,MANOMETRO 0-2000 PSI
600001497,BROCA 8 MM PARA METAL
600001498,ABRACADEIRA DE ORELHA Nº 113
600001499,ABRACADEIRA DE ORELHA Nº 140
600001500,ABRACADEIRA DE ORELHA 157(50)
600001501,ABRACADEIRA DE ORELHA Nº 105
600001502,ABRACADEIRA DE ORELHA Nº 170
600001503,ABRACADEIRA DE ORELHA Nº 87
600001504,ANILHA 1/4 XAROPE
600001505,ANILHA 3/8 PARA CHOPP
600001506,BANDEJA DE DRENO PARA POST MIX VENTURE
600001507,BICO DESVIADOR AMARELO
600001508,CARCACA DE FILTRO
600001509,CHAVE PARA CILINDRO DE CO2
600001510,COMPRESSOR AZ 0411YS R134A - 220V
600001511,COMPRESSOR AE4440YS R134A 220V
600001512,CONECTOR AMARELO CO2 POST MIX
600001513,CONECTOR PINO 3/8  BAG IN BOX LIGHT
600001514,CONJUNTO REPARO REGULADOR CO2
600001515,GRADE FRONTAL VN BRANCA
600001516,GRADE FRONTAL VN AMARELA
600001518,PE NIVELADOR VB43 / VB12
600001519,GRADE FRONTAL VB99 VERMELHA
600001520,BARRA TORÇÃO DA PORTA VB43
600001521,TOMADA C/ P 751421  20 A
600001522,PINO ADAPTADOR 20P + T 20 A -CODIGO 528B
600001523,GRADE DA BANDEJA DE DRENO VENTURE
600001525,LACRE AMARELO
600001526,LACRE VERDE
600001527,LACRE VERMELHO
600001528,LAMPADA FLUORESCENTE DE 6 W
600001529,LAMPADA FLUORESCENTE DE 8 W
600001530,MANG. ATÓXICA P/ POST MIX 1/4
600001531,MANG. ATÓXICA P/ POST MIX 3/8
600001532,MANGUEIRA 3/8 CRISTAL ESPESSURA 1.85 M
600001533,MANG. GASOLINA 5 X 2 5 MM SILICONIZADA
600001536,T EM INOX 2 PONTA 3/8 X 1/4
600001538,PASTILHA DPD TESTE DE CLORO
600001539,PISSETA PLÁSTICA 500ML
600001540,PONTA SENSORA DE NIVEL CARB.R LANCER
600001543,RACK PARA POST MIX
600001544,ROLAMENTO ESFERA 6203 2RSH
600001545,ROLAMENTO ESFERA 6202 2RSH
600001546,ROLAMENTO NSK 608Z
600001547,SACO PLÁSTICO MEDIDA 20 X 40 CM
600001548,SACO PLÁSTICO PEQUENO  10 X 20 CM
600001549,SEPARADOR DE XAROPE
600001550,SUPORTE PARA CARCACA DE FILTRO
600001551,TOMADA MACHO 3 PINOS
600001552,COMPRESSOR NJ6226Z R134a 230 V
600001553,CERA SPRAY
600001554,SILICONE SPRAY
600001556,MOEDEIRO COINCO
600001557,ACEITADOR DE NOTA VENDOR ELETROMECANICA
600001558,ACEITADOR DE NOTA COINCO
600001559,PLACA ELETRÔNICA VENDING MACHINE
600001561,BALANCIN DA HASTE DA VÁLVULA CRICKET
600001563,BOCAL PARA VÁLVULA CRICKET
600001567,CORPO DA VÁLVULA CRICKET
600001568,DIFUSOR PARA VÁLVULA CRICKET
600001569,HASTE DA VÁLVULA CRICKET
600001570,INLET DA VÁLVULA CRICKET
600001571,MOLA ACIONAMENTO CONTROLE FLUXO DE ÁGUA
600001572,MOLA ACIONAMENTO CONTROLE FLUXO XAROPE
600001573,PE PARA GELADEIRA REUBLY
600001574,MOLA CENTRAL DA HASTE
600001575,MOLA LATERAL DA HASTE
600001576,PAINEL IDENTIFICACÃO TAMPA VÁLV CRICKET
600001577,PISTÃO DA ÁGUA DA VÁLVULA CRICKET
600001578,PISTÃO DO XAROPADOR DA VÁLVULA CRICKET
600001580,MOLA DO RETORNO DO INLET
600001583,ORING DO CONJUNTO CAMISA PISTÃO
600001585,ORING DO PLUG DE AJUSTE
600001592,CHAPA TRAVA DA VÁLVULA CRICKET
600001593,COPO TESTE CARBONATACÃO
600001595,ORING DO PINO DO BLOCO DA VALVULA CRICK
600002054,SENSOR DE GELO  P/ UNID. DE REFRIGERACAO
600002055,CABO DO SENSOR DE GELO UNID.REFRIGERACAO
600002056,ESCOVA DE NYLON PARA LIMPEZA
600002057,ESCOVA DENTE BITUFO P/PROTESE
600002058,TINTA PRETA BRILHANTE SPRAY
600002059,TINTA BRANCA BRILHANTE SPRAY
600002060,PINCEL DE 2 POLEGADAS (assistencia tec)
600002084,CABO 110V MPB PARA MOEDEIRO GIII
600002085,CABO 110V MPB ACEITADOR VENDOR
600002094,MOEDEIRO COINCO 4P MPB
600002095,PULMAO 3 LINHAS PARA POST MIX
600002096,GRADE VENTILAÇAO CARBONATADOR VA COLDMIX
600002124,PROPILENO GLICOL USP  215 KG
600002144,GRADE PINGADEIRA DRENO TORRE POST MIX
600002145,TRANSFORMADOR 220V PARA 110V (2000VA)
600002146,SUPORTE MICRO CIRCULADOR MINI VEU NOIVA
600002147,SUPORTE ENCAIXE GRADE PROT. MOTOR METALF
600002148,MOLDURA DE FIXAÇÃO DO ACEITADOR VENDING
600002149,LAMPADA FLUORESCENTE 40 W P/ GELADEIRA
600002150,REATOR PARTIDA RAPIDA 2X40W 220 V
600002151,REATOR PARTIDA RAPIDA 2X20W  BIVOLT
600002152,GRADE FRONTAL VB32 C/ FURO
600002153,VALVULA ELETRICA POST MIX
600002154,MICRO SWITCH DA VALVULA ELETRICA LANCER
600002155,BOBINA SOLENOIDE DA VALVULA LANCER
600002156,TRANSFORMADOR P/ VALVULA ELETR 110/220V
600002157,CHICOTE ELETRICO P/ VALVULAS POST MIX
600002161,CLIP FIXAÇÃO LEXAN 79 VEND. MACHINE GIII
600002163,ADESIVO LATERAL  CC  VEND. MACHINE GIII
600002164,ADESIVO LATERAL CC VEND. MACHINE VENDOR
600002166,DISPLAY VENDING MACHINE GIII
600002168,BOTAO DE SELEÇAO VENDING MACHINE VENDOR
600002170,MICRO VEND.MACHINE
600002175,MICRO START DO MOTOR
600002197,BANDEJA DE DEGELO GELAD.DUPLA VB 99 MTF
600002198,BANDEJA DEGELO GELAD VISU METALFRIO
600002199,BOTÃO DE RETORNO DA FICHA VM GIII
600002200,CABO DA VALVULA EXTRATORA
600002203,CHAVE DE FENDA 1/8 X 31
600002204,CHAVE DE PHILIPS 1/8 X 31
600002205,CHAVE CANHÃO DE 11/32
600002206,CL 200 DESENGRAXANTE BIODEGRADAVEL
600002207,COBERTURA DA RAMPA
600002208,CONTROLADOR EMS  12V
600002210,FLUXO PARA SOLDA PRATAFLUX
600002211,FRONTAL ACRILICO MACHINE GIII ROYAL
600002212,FRONTAL ACRILICO VENDOR ELETROMECANICA
600002213,GANCHO 8 MM PARA FIXACAO COM BUCHA
600002214,GRADE (VERDE) PARA GELADEIRA
600002215,HELICE 05 PAS 10 POLE P/ MICRO MOTOR 10W
600002216,HELICE DO MOTOR DO CONDENSADOR
600002217,BOMBA  DE CIRCULACAO INTERNA CHOPEIRA
600002220,HELICE MEDIA PARA MOTOR AGITADOR
600002221,FRONTAL PARA RESFRIADOR DE CHOPEIRA
600002222,HELICE MICRO CIRCULA GELAD DUPLA VB99
600002223,HELICE PEQUENA PARA MOTOR AGITADOR
600002224,LAMPADA FLUORESCENTE DE 30W
600002225,MANGUEIRA CRISTAL ATOXICA 3/8 X 3 00 MM
600002227,MICRO MOTOR 10W 220V GEL DUPLA HUSSMANN
600002228,MOLA DA ALAVANCA DE LIBERACAO
600002230,MOTOR COMPRESSOR FFU 130 HAX 220/60 BTU
600002231,MOTOR COMPRESSOR GELADEIRA DUPLA 220V
600002232,TESTEIRA COCA-COLA VB43
600002236,PLUG CONECTOR PARA LAMPADA FLUORESCENTE
600002237,PRATELEIRA GELADEIRA HUSSMANN
600002244,PRATELEIRA METALFRIO
600002245,PUXADOR DE PORTA VERMELHO METALFRIO
600002246,RAMPA DA FICHA
600002248,REATOR ELETRONICO LAMP FLUOR 2X9W 220V
600002249,REBITE PLASTICO RB58 HUSSMANN
600002251,SAIDA DO DRENO PARA BASE DE CHOPEIRA
600002254,TERMOSTATO GELADEIRA REUBLY 44
600002255,TERMOSTATO GELADEIRA REUBLY 51
600002257,TRANSFORMADOR EMS 220V PARA 12V
600002259,ADESIVO INFORMATIVO VOLTAGEM
600002291,TUBO ESPONJOSO DIÂM INTER 5/8 ESP.3/8
600002292,CHICOTE PARA SENSOR DE GELO COMPACTO
600002344,T EM INOX 3/8 PARA MANGUEIRA
600002345,REDUCAO EM INOX 3/8 PARA 1/4 MANGUEIRA
600002346,ESPIGAO EM INOX 3/8 PARA MANGUEIRA
600002347,ESPIGAO EM INOX 1/4 PARA MANGUEIRA
600002348,ESPIGAO EM INOX 3/8 MANGEIRA E TUBO INOX
600002350,CONTROLADOR TLZ 10HR C SONDA IP68 COEL
600002351,KN-4 SENSOR DE NIVEL 15 SEG 220VCA COEL
600002352,GRAMPO PLASTICO L. ESQ
600002353,GRAMPO PLASTICO L. DIR
600002354,REGUA P/ PRATELEIRA L.DIR.
600002355,REGUA P/ PRATELEIRA L.ESQ
600002407,NIP DUPLO INOX 1/4 RC X 1/4 RC
600002408,TUBO POLIVINIL AZUL
600002409,TUBO POLIVINIL BRANCO
600002410,TAMPA VIDRO INFERIOR HB11
600002411,TAMPA VIDRO SUPERIOR HB11
600002426,ADESIVO DIANTEIRO GABIN GEL HB11 COCA
600002427,ADESIVO LATERAL MAIOR GEL HB11 COCA
600002428,ADESIVO LATERAL MENOR GEL HB11 COCA
600002430,PAINEL LUMINOSO HB11/HI11 TERC GEL HB11
600002431,GAXETA PARA PORTA ANTHONY METALFRIO
600002434,PONTA CARCACA ROSCA EXT 1/2 ESPIGAO 3/8
600002436,COLETOR DEGELO HB11
600002437,CARTUCHO EVERPURE CARVÃO 20 P/ B.K.
600002438,CARTUCHO EVERPURE CELULOSE 20 P/ B.K.
600002440,GRADE FRONTAL VN PRETA
600002441,BANDEJA DEGELO REUBLY 30
600002444,SUPORTE PLASTICO P/ GRADE FRONTAL VB43
600002445,ETIQUETA IDENT. MANGUEIRA
600002446,LAMPADA FLUORESCENTE DE 85W
600002447,TINTA COR CROMADA EM SPRAY
600002448,TINTA VERMELHO  EM SPRAY
600002449,ORING DO BOCAL
600002450,ORING DO CORPO BLOCO
600002453,GRADE FRONTAL GEL HUSSMAN DUPLA EMSS
600002454,GRADE FRONTAL ARV570AS HUSSMAN
600002455,CONECTOR PINO 3/8  BAG IN BOX BRANCO
600002456,COMPRESSOR 110V VENDING MACHINE
600002458,CANO DE COBRE DE 1/16
600002459,ANEL ORING DO PINO MANGUEIRA CHOPE
600002461,LAMPADA FLUORESCENTE DE 10W
600002508,MICRO SWITCH DO CARBONATADOR
600002515,KIT DE LEDS METALFRIO
600002517,ADESIVO VISU KAISER PORTA DE VIDRO
600002518,ADESIVO VISU LATERAL KAISER
600002519,ADESIVO VISU SOL PORTA DE VIDRO
600002520,ADESIVO VISU LATERAL SOL
600002521,NIP 3/8 P/ SAIDA DO DRENO P/ BASE CHOPEI
600002522,PRATELEIRA GELADEIRA LOW COST CC
600002523,KIT VENEZIANA FRONTAL VB43RE
600002525,INTERRUPTOR PORTA VB43RE
600002526,MONTAGEM DA CUPULA HB11 127V VERMELHO CC
600002527,MONTAGEM DA CUPULA HB11 220V VERMELHO CC
600002528,TESTEIRA VB99
600002529,ADESIVO DO PAINEL LUMINOSO SOL VB99S
600002530,MONTAGEM VENEZIANA FRONTAL VB99 AMARELO
600002531,GAXETA HUSSMAN PORTA VIDRO
600002532,GAXETA  VN29
600002536,RODIZIO COM TRAVA COM PLACA VB43
600002537,RODIZIO SEM TRAVA COM PLACA VB43
600002538,PORTA VERMELHA VB99 LADO ESQ. P147
600002539,PORTA METALFRIO VB 43 VERMELHA P111
600002540,PRATELEIRA GELADEIRA LS
600002541,ALOJAMENTO 02 V FEMEA
600002542,ALOJAMENTO 02 V MACHO
600002543,TERMINAL FEMEA PARA CABO 18-22 AWG
600002544,TERMINAL MACHO PARA CABO 18-22 AWG
600002545,MEDALHÃO HEINEKEN CHOPP
600002557,COBERTURA DA RAMPA VENDOR
600002558,SUPORTE MICRO LOW COST
600002559,SUPORTE DO DIGITAL UNID STAND / VENTURE
600002560,SUPORTE DE BOMBA CIRCULAÇÃO
600002561,SUPORTE MICRO AGITADOR
600002562,SUPORTE DE APOIO DA MOLDA DA PORTA  MF
600002563,SUPORTE MICRO LOW COST LADO DIREITO
600002564,CHAPA DE ACAB PARA TAMPA FURO DA NAJA
600002574,KIT RELE PROTETOR  110V
600002575,KIT RELE PROTETOR  220V
600002576,PROTECAO DO TERMOSTATO
600002759,REATOR ELETRONICO 2X32
600002760,MANGUEIRA DE ALTA PRESSÃO
600002761,GRADE FRONTAL VB43 EMS VERMELHA
600002762,ORING 50X4
600002763,CHICOTE ADAPTADOR EMS METALFRIO
600002764,MICRO 1/30- 220V
600002765,MOTOR 1/20 BIVOLT
600002766,SUPORTE DE APOIO DA MOLA PORTA
600002767,ABRAÇADEIRA PLASTICA 4 9 X 203 MM
600002768,ABRAÇADEIRA PLASTICA 2 5 X 101 MM
600002769,ADESIVO VISU HEINEKEN  PORTA DE VIDRO
600002770,ADESIVO VISU LATERAL HEINEKEN
600002779,KIT ADESIVO GELADEIRA VN43 HEINEKEN
600002780,kIT DE ADESIVOS VN43  BAVARIA
600002781,KIT ADESIVO VN29 BAVARIA
600002794,ADESIVO VN 29 LATERAL BAVARIA
600002800,PORCA SEXTAVADA 3/8 AGUA E CHOPP
600002805,PORTA VERMELHA VB99 LADO DIREITO P146
600002806,CONDENSADOR VB99
600002884,GRADE PRATELEIRA VB99RE
600002885,GRADE PRATELEIRA VB43
600002886,GRADE FUNDO DO MOTOR DA VB43
600002888,FONTE PARA LEDS VB 43  MTF
600002890,ORING DO BICO DIFUSOR AMARELO
600002904,RODIZIO GL 210  SCHIOPPA
600002905,GRADE FUNDO VB99
600002912,GAXETA  VB43 CINZA
600002913,QUEPE PRETO VN 29/VN  43
600002914,CARENAGEM TURBO
600002915,CARENAGEM BABY
600002916,CARENAGEM VENTURE
600002917,CARENAGEM STAND
600002918,SELO DE VEDAÇÃO DO EMBOLO VAL.EXTRATORA
600002919,ORING 06 20X 250MM VAL. EXTRATORA
600002920,VALVULA DE PASSAGEM DO CHOPP EXTRATORA
600002921,ORING 020 30X2 62MM VAL. EXTRATORA
600002922,SELO DE VEDAÇÃO DA BASE VAL. EXTRATORA
600002923,VALVULA DE RETENÇÃO DE CO2(BICO DE PATO)
600002924,ORING 06 00MMX1 5MM VAL EXTRATORA
600002925,ANEL DE VEDAÇÃO  VAL. EXTRATORA
600002926,ANEL DA ESFERA VAL. DISPENSADORA
600002927,ESFERA  VALVULA DISPENSADORA
600002928,ORING 05 00X1 00MM VAL. DISPENSADORA
600002929,ORING 010 00X 1 00MM VAL.DISPENSADORA
600002930,COPO ACABAMENTO VALVULA DISPENSADORA
600002931,ORING 09 25X01 78MM  VAL. DISPENSADORA
600002932,ORING 020 35X 1 78MM VAL. DISPENSADORA
600002933,BOMBA DE XAROPE SURFLO
600002935,TAMPA BACK LIGHT PRETA VB99S
600002936,COMPRESSOR  1PH  T6215Z 208-230V
600002937,ADESIVO CC  5 8 X 6 5 CM POST MIX
600002938,ADESIVO CCZ 5 8 X 6 5 CM TAMPA POST MIX
600002939,ADESIVO SPRITE 5 8 X 6 5 CM POST MIX
600002940,ADESIVO FANTA L 5 8 X 6 5 CM  POST MIX
600002941,ADESIVO KUAT 5 8 X 6 5 CM TAMPA POST MIX
600002942,ADESIVO FENILCETONURICOS 5 X 2 7 CM
600002943,REATOR VR-08
600002944,CONTROLADOR INTELIGENTE VR08
600002945,BALDE GRADUADO
600002946,SUPORTE DE FIXACAO CABO DO SENSOR TURBO
600002947,SUPORTE DE FIXACAO CABO DO SENSOR STANDE
600002948,BOLHA HEINEKEN
600002949,BOLHA SOL
600002954,BOLHA  KAISER
600002955,KIT HELICE E BASE 1/20
600002974,SENSOR CONTROLADOR EMS55 WIRE 2 5M PRETO
600002975,MANOMETRO ACETILENO
600002976,DOBRADIÇA  SUP.L . ESQUERDO LIX
600002977,DOBRADIÇA INF.L.ESQ LIX -V2
600002978,MANOMETRO OXIGENIO
600002979,T EM INOX   COM ROSCA  3 PONTAS
600002980,PULMÃO ESPECIAL 50X50X150MMIX
600002981,CHAVE CANHÃO 7 MM MM
600002986,PORCA 1/4
600002988,QUEPE DE GUARDA VERDE HEINEKEN
600002990,GRADE FRONTAL VERDE ESCURA
600002991,GRAMPO DE PRATELEIRA DE VB43 BRANCO
600002992,MODULO DISPLAY VN29 110v
600002993,ADESIVO  PRODUTO SEGREGADO
600002994,INTERRUPTOR DA PORTA VN29C -  020104I451
600002995,MODULO CONTROL/DISPLAY INV 97 X 50MM 220
600002996,REATOR DUPLA ANTIGA VB99 1X30W 127V
600002997,REATOR DUPLA ANTIGA VB991X36W/40W  127 V
600002998,GAXETA PORTA CEGA VB10 PRETA
600003027,BLOCO DA VALVULA MECANICA POST MIX
600003028,REATOR FAST LANE. MG 2X32AF2 220V
600003029,VALVULA SOLENÓIDE
600003030,PRESURIZADOR POST MIX
600003031,TERMOSTATO LOW COST RC - 43048-3
600003032,MODULO DE TRANS  RELE INVENSYS 127V
600003033,MODULO DE TRANS  RELE INVENSYS 220V
600003034,DISCO LIXADEIRA 4 1/2 X3/64 X7/8 NORTON
600003035,SPIRAL TUBE 1/4 8 MM
600003036,TUBO  TERMOCONTRATIL  350ML
600003037,SOLDA CASTANHO
600003038,LATERAL DIR . GEL .  GELOPAR
600003039,LATERAL ESQ. GEL.  GELOPAR
600003041,LUMINARIA COMPACTA 110V F8TS GELOPAR
600003042,CABO FLAT 6X24WG 340MM INVENSYS
600003043,CABO PP3X01 0MM
600003045,PORCA SEXTAVADA M10 INOX GELADEIRA
600003046,GABINETE EM INOX
600003047,SUPORTE PARA LOGO MARCA
600003067,MANOMETRO 160 LBS 02.06.1224
600003068,AFERIDOR DE MANÔMETROS 02.05.0209
600003069,MOTOR AGITADOR EMC 220V 25W
600003070,VALVULA DISPENSAD SF1 C/HASTE DE AÇO
600003071,CHICOTE ELETRICO DE LIGAÇÃO
600003072,PUXADOR PORTA AMARELO METALFRIO
600003073,ADESIVO PAINEL LUM VB99 COCA COLA
600003074,PUXADOR DE PORTA VERDE
600003075,ADESIVO LATERAL COCA COLA VB 0 55 X 1 96
600003076,TESTEIRA DE ACRILICO HEINEKEN
600003077,TESTEIRA ACRILICO VN29 BAVARIA CLASSICA
600003081,ADESIVO LATERAL VB43 DEL VALLE
600003082,TESTEIRA DEL VALLE VB43
600003084,TAMPA VERM. TESTEIRA HB11 DIREITO
600003085,TAMPA VERM. TESTEIRA HB11 ESQUERDO
600003250,NIP DA PORCA SEXTAVADA 3/8
600003251,GAXETA PORTA VB30 CINZA 463X1415MM
600003252,REGUA DE LED 4 LEDS HB11
600003253,REGUA LED C/FONTE INCORPORADA
600003254,ACIONADOR INTERRUP VF43/50 VN
600003314,NIP DE LATÃO VALVULA DE RETENÇÃO
600003315,CONJ REGULADOR DE PRESSAO CO2 MANOMETRO
600003334,KIT MANUTENCAO SPEED MAXX 3
600003364,BASE DE CHOPEIRA 40X40 SEM GELA COPO
600003365,BASE DE CHOPEIRA 40X40 COM GELA COPO
600003366,BASE DE INOX 40X60 SEM GELA COPO
600003367,BASE DE INOX 40X60 COM GELA COPO
600003375,SUPORTE P/ PRATELEIRA PRATA
600003376,ADESIVO LAT VB46/99 COCA COLA
600003377,TESTEIRA  VN44 KAISER PRATA
600003378,ADESIVO  LATERAL VN99RL KAISER PRATA
600003379,ADESIVO COCA-COLA DA PORTA DE V32
600003381,ADESIVO LAT GAB VB10  COCA-COLA
600003382,ADESIVO PORTA VB10C COCA COLA
600003383,ADESIVO LATERAL VB12 DEL VALLE
600003384,ADESIVO PORTA VB12RL SUCOS DEL VALLE
600003385,GAXETA PORTA VB12R 510 X 741MM PRETA
600003386,COMPRESSOR EMI60HER 220V 50/60HZ VB12
600003387,ADESIVO LATERAL  VB43 MATTE LEÃO
600003388,ADESIVO LATERAL VB43 SEDE DE QUE
600003389,ADESIVO PORTA VB43RL SEDE DE QUE
600003390,PAINEL LUMINOSO VB43RL SEDE DE QUE
600003391,LACRE PARA VALVULA POST MIX
600003398,GRADE FRONTAL REUBLY VERMELHA
600003405,NIP PARA PORCA DO CILINDRO DE CO2
600003414,MOEDEIRO ROYAL P/ MAQ MERLIN GII E GIII
600003415,ACEITADOR DE NOTA ROYAL MERLIN GII GIII
600003416,TAMPA BACK LIGHT VERMELHA VB99S
600003433,TANQUE DE CARBONATAÇÃO
600003466,CAPACITOR ELETROLITICO 90-110 MFD 220V
600003467,CAPACITOR ELETROLITICO 64-77 MFD 220V
600003472,CONTROLADOR EMS 25  240V/60HZ
600003473,FILTRO C5G 1000 X 2500 MM  YOSHIDA
600003474,FILTRO CARTAO PLISSADO 1000 X 10.000 MM
600003500,COLETOR DE DRENO VB99
600003501,COLETOR DE DRENO VB32
600003504,PRATELEIRA GELADEIRA REUBLY
600003505,PROVETA GRADUADA VIDRO 500ML
600005343,CONJUNTO DE MIOLO E CHAVE VEND MACHINE
600005345,PLACA ELETRONICA SUCO OLYMPUS
600005346,MOTOR COMPRESSOR VB43 FFU130 HAX 127V
600005356,TINTA VERMELHO COCA COLA 3 600 ML
600005357,TINTA VERDE HEINEKEN 3 600 ML
600005358,TINTA BRANCO GEADA 3 600 ML
600005359,TINTA PRETO CADILAC PU 3 600 ML
600005360,CATALISADOR 3093 1 000L
600005361,THINNER 18L
600005362,PAPEL MASC BEGE 900MM
600005363,QUEPE DE GUARDA SUP VN MV BRANCO
600005364,MASSA POLIESTER  C/CAT 900 GR
600005365,DESVIADOR MAQ SUCO QUEST ELITE
600005366,COPO GRADUADO MAQ SUCO QUEST ELITE
600005367,BOCAL DE LIMPEZA DE LINHA
600005374,DISCO HOOKIT OURO 0080 CF 3M
600005375,DISCO HOOKIT OURO 0220 CF 3M
600006145,ALICATE AMPERIMETRO
600008625,CABO DE FORCA 2P E 1 OLHAL TERRA
600008997,ADESIVO LATERAL VN 44 KAISER - NOVO
600008998,ADESIVO PORTA VN 44 KAISER - NOVO
600008999,TESTEIRA VN 44 KAISER - NOVO
600009000,INTERFACE CEDULAS MEI AE2612U5 BL  COINC
600009557,VALVULA SFV-1 C/ PORTION CONTROL
600009558,ADESIVO LAT. DIR. VN44 HEINEKEN - NOVO
600009559,ADESIVO LAT. ESQ. VN44 HEINEKEN - NOVO
600009560,ADESIVO PORTA VN 44 HEINEKEN - NOVO
600009561,TESTEIRA HEINEKEN VN44 NOVO
600009677,BANDEJA DEGELO BRANCA VB28/40/43
600009678,DUTO DE AR VB43
600010546,PIVO DE GELADEIRA
600010624,VALVULA SFV1 ALAVANCA CURTA
600010857,PE NIVELADOR IMBERA
600010859,TAMPA INF B LIGHT VB43 LARANJA
600010860,TAMPA SUP B LIGHT VB43 LARANJA
600010861,TESTEIRA VB43 MATTE LEAO
600010862,ADESIVO LAT DIR VB43 MATTE LEÃO
600010863,ADESIVO LAT ESQ  VB43 MATTE LEÃO
600010864,ADESIVO DA TESTEIRA DE VB30 SDQ
600010865,ADESIVO LATERAL VB30 SEDE DE QUE
600010866,REFRATOMETRO PORTATIL
600010896,CONJ BICO MISTURADOR P/ MAQ SUCO
600010897,CAMARA DA MISTURA -MAQ SUCO
600010898,ANEL ORING MAQ SUCO 239 I.D.
600010899,SENSOR DE NIVEL COMPACTO BIVOLT
600010900,ELETRODO SNZ 76 X 160 ( S/ CHICOTE )
600010915,CHAVE PHILLIPS 3/16 X 6
600010916,CHAVE PHILLIPS 1/8 X 2. 3/8
600010917,CHAVE DE FENDA 1/4 X 5
600010918,CHAVE DE FENDA 3/16 X 6
600010919,CHAVE CANHAO 7 MM
600010920,JOGO DE CHAVE ALLEN 1 5 A 10 MM
600010921,CHAVE COMBINADA 9/16
600010922,CHAVE FIXA 15/16 X 1
600010923,ALICATE P/ TEL. BICO RETO
600010924,CHAVE DE FENDA TOCO 1/4 X 1
600010925,ALICATE REBITADOR
600010928,ARCO DE SERRA 12
600010929,CHAVE L ACO CARBONO 3/8
600010930,CHAVE FIXA 3/8 X 7/16
600010931,CHAVE L ACO CARBONO 1/2
600010932,CHAVE DE FENDA 1/8 X 4
600010933,FILTRO 5N11 - BRANCO - 3M
600010934,TRENA 5 METROS
600010947,PROJETIL INTERNO
600010948,KIT LANCADOR PNEUMATICO UC
600011003,CALCO DE NYLON
600011041,BACIA DA PINGADEIRA OLYMPUS
600011042,GRADE DA PINGADEIRA OLYMPUS
600011043,BANDEJA VB30 INTERNA
600011044,COLETOR DE DRENO VB30
600011220,GAXETA VB99 MODELO ANTIGO
600011262,GAXETA VB99 MODELO 03 PORTAS
600011263,ETIQUETA M11817 REFIL
600011264,MOTOR EXAUSTOR P/ MAQ OLYMPUS 220/60
600011265,MOTOR AGITADOR OLYMPUS 220V
600011266,PLACA ELETRONICA IMPULSE/OLYMPUS
600011267,COMPRESSOR 1/3 220V OLYMPUS
600011352,VALVULA SOLENOIDE SEQUENCIAL (VENDOR
600011353,ADESIVO LATERAL COCA-COLA VB 43
600011354,ADESIVO LAT. ESQ. VB 43 CC
600011518,PARAFUSO P/ PE GELADEIRA 3/8 X 2 NC
600011519,PORCA DO PARAFUSO 3/8 X 2 NC
600011520,LACRE CINZA P/ VALVULA MAQ SUCO
600011521,CONJ CONTROLE FLUXO MAQ SUCO
600011575,ADESIVO VB30 POWERADE FOSCO
600011576,ADESIVO VB30 POWERADE BRILHANTE
600011577,TESTEIRA DE VB30 POWERADE
600011578,CHAVE CANHÃO 3/8
600011579,CHAVE CANHÃO 11/32
600011580,CHAVE FIXA 1/4 X 5/16
600011581,CHAVE FIXA 3/4 X 25/32
600011582,CHAVE FIXA 1/2 X 9/16
600011583,CHAVE FIXA 6 X 7 MM
600011584,CHAVE FIXA 8 X 9 MM
600011585,CHAVE CANHÃO 8 MM
600011586,CHAVE DE FENDA 1/4 X 5
600011587,CHAVE DE FENDA 5/16 X 6
600011588,CHAVE PHILLIPS TOCO 1/4 X 1.1/2
600011589,CHAVE AJUSTAVEL 6”
600011590,MOD.TRANS.RELE COEL 127/220V 50-60
600011591,MODULO CONTROL/DISPLAY COEL 97 X 50
600011592,TESTEIRA VN28 HEINEKEN
600011593,GRADE FRONTAL VN28 VERDE
600011594,MICRO MOTOR ELCO EVAP.N5-13 220V
600011595,MICRO MOTOR ELCO COND.N10-20 220V
600011596,GRADE PRATELEIRA VB18/28/VN28
600011597,GRADE FUNDO DO MOTOR DE VB18/28
600011598,MEDALHÃO AMSTEL TORRE NAJA
600011599,MEDALHÃO AMSTEL TORRE TRAVE
600011624,PLATAFORMA C/ 2 MOTORES MAQ SUCO QUEST
600011625,BOBINA DA VALVULA SOLENOIDE 22V QUEST
600011626,MOTOR CAIXA ENGRENAGEM QUANTUM/QUEST
600011627,ANEL ORING D.I. 239 - CS 077 DU 70
600011628,ORING .676 I.D SFV-1
600011629,PISTAO AGUA 1 5 - 3 0 P/ VALV SFV1
600011630,CAMISA PISTAO SFV-1
600011631,MOLA XAROPE SFV-1
600011632,REGULADOR DE FLUXO SFV-1
600011633,PISTAO XAROPE 1 5 - 3 0 P/ VALV SFV1
600011634,INLET AGUA/XAROPE P/ VALV SFV-1
600011635,SOLENOIDE DA VALV SFV-1
600011636,TAMPA DA SOLENOIDE VALV SFV-1
600011637,ALAVANCA RETA P/ VALV SFV-1
600011638,CONJ MODULO PUSH BUTTON VALV SFV-1
600011639,CONJ MODULO PORTION CONTROLL SFV-1
600011640,ALAVANCA P/VALV SFV-1/UF-1
600011641,MOLA AGUA SFV-1
600011642,GRADE FRONTAL LARANJA MATTE LEAO
600011643,ABRACADEIRA PLASTICA 4 6 X 390 MM
600011646,PRATELEIRA VB30
600011682,MARTELO TIPO BOLA 400GR
600011683,MULTIMETRO DIGITAL 3½ D 20MOHMS
600011684,TORQUES P/ ARMADOR 12
600011685,CHAVE CANHAO 1/4
600011686,CHAVE FIXA 5/8 X 11/16
600011687,CHAVE FIXA 3/4 X 7/8
600011688,ALICATE CORTE DIAGONAL 6.1/4
600011689,CHAVE PHILLIPS 1/4 X 5
600011690,CHAVE DE FENDA 1/4 X 6
600011691,CHAVE PHILLIPS 1/8 X 4
600011692,CHAVE PHILLIPS 1/4X6”
600011693,CHAVE COMBINADA 9/16
600011694,PONTA PHILLIPS 1/4'' X 75 MM 1/4'' Nº2
600011695,PONTA FENDA 1/4'' X 75 MM
600011702,PA.SX.AUTOBROC N 12 X 7/8
600011703,PA.PH.AA.PN 4 8 X 22
600011704,PO.SX.FO.MA.DN. 934.BC M 06
600011705,PA.PH.MQ.PN 6 X 20
600011706,PA.FD.MQ.MM.CL 4 X 10 DIN 84
600011707,PA.PH.AA.PN 4 2 X 13
600011708,PA.PH.MQ.PN 5 X 16
600011709,CHAVE AL.PL 3/32
600011710,BOMBA PARA CHOPP BEER ACE SHURFLO
600011719,ETIQUETA DE SANITIZAÇÃO DE POST MIX
600012000,KIT MIOLO C/ CHAVE OLYMPUS
600012001,MODULO TRANSF RELE COEL 127V/220V 50/60
600012002,MODULO CONTROL/DISPLAY COEL 97 X 50 12
600012010,ETIQUETA DE USO DE GELO POST MIX
600012011,POUPA CHOPP DE PAREDE IMPORTADO
600012040,SERRA COPO DIAMANTADA KSC 25 MM
600012041,CHAVE COMB. C/ CATRACA CABEÇA FLEX
600012042,REDUTORA PRESSÃO 2 SAÍDAS C/ MANOMETRO
600012044,ADESIVO DA TESTEIRA HB11 COCA COLA
600012088,ARRUELA VEDACAO DA BUCHA DO BICO QUANTUM
600012124,GAXETA VN28C 479 x 1425mm
600012149,BASE DO GABINETE OLYMPUS
600012218,BROCA 1/8
600012219,PASTILHA DE CLORO
600012220,ADESIVO LATERAL OLYMPUS MAQUINA ANTIGA
600012221,PAINEL GRAFICO OLYMPUS COCA COLA
600012222,CONECTOR DE SAIDA DE AGUA  TANQUE CARB.
600012223,ETIQUETA CUIDADOS COM O CHOPP
600012224,ETIQUETA LIGAÇÃO 0800
600012225,PORTA DIREITA VB32 VERMELHA
600012226,PORTA ESQUERDA VB32 VERMELHA
600012227,PARAFUSO ALLEN 3/16 X 7/8 PUXADOR
600012340,TANQUE 3GL SANITIZACAO INOX AISI 304 10L
600012341,ADESIVO TRASEIRO OLYMPUS CC NOVA/ANTIGA
600012470,BROCA ACO RAPIDO 1/16
600012471,BROCA ACO RAPIDO 7/16
600012472,BROCA ACO RAPIDO 1/4
600012473,BROCA ACO RAPIDO 1/2
600012474,BROCA ACO RAPIDO 5/16
600012475,BROCA ACO RAPIDO 3/16
600012476,BROCA ACO RAPIDO 3/8
600012477,BROCA ACO RAPIDO 5 MM
600012478,BROCA ACO RAPIDO 10 MM
600012479,VENEZIANA TRASEIRA VB43
600012507,GRADE VENEZIANA TRAS VB99S
600012508,GRADE PRATELEIRA DE VB32
600012525,CONEXAO RAPIDA TUBO BSP 3/8X5/8PARALELA
600012526,CONEXAO RAPIDO PINO ESPIGAO 3/8X3/8CINZA
600012552,GRADE FRONTAL VB32 PRETA
600012553,GRADE FRONTAL VB32 P/ EMS PRETA
600012554,ENGATE ADAPTADOR 1/4 QAA-04 P/ TUBO 1/4
600012555,CONEXAO 1/4 MACHO X 1/4 FEMEA P/ QAA-04
600012574,GRADE FRONTAL IMBERA TER VER1795C G3T42 EMS
600012575,GRADE FRONTAL IMBERA TER VER1795C G313 19
600012576,CONEXAO RAPIDA TUBO BSP FEMEA 3/8 X 5/8
600012647,PUXADOR EMBUTIDO (CINZA COOLGRAY 10C) PO
600012722,PORTA DIREITA DA VB99 PRETA
600012723,PORTA ESQUERDA DA VB99 PRETA
600012726,CABO DO LED DA PORTA DA IMBERA CCV144B
600012764,MODULO DISPLAY COEL 97X50MM - VN 44
600012765,MODULO TRANSF. COEL 127V/220V - VN 44
600012766,SUPORTE PRATELEIRA (BUCHA/APOIO) VB 43
600012767,TERMOSTATO RC43048-2/ BE077B1358L VB 30
600012768,TRAVA DA PORTA VB 43
600012770,GAXETA VB28 488X1503MM
600012816,GRADE DO FUNDO DE VB32 S/ FURO VERM.
600012817,ADESIVO LAT GAB VB99 KAISER VERMELHO
600012818,ADESIVO BACK LIGHT VB 99KAISER VERMELHO
600012820,GRADE FRONTAL VERDE VN HEINEKEN IMBERA
600012821,PORTA VERDE VN28 HEINEKEN
600012836,GRADE FRONTAL VERMELHA IMBERA VRS16
600012837,ADESIVO GRADE FRONTAL IMBERA VRS16 COCA COLA
600012838,CHECK LIST DE TROCA DE GELADEIRA
600012876,SELADORA PLASTICO 0 9L
600012877,DESENGRAXANTE 0 9L
600012878,PRIMER PU 0 9L CINZA
600012879,CATALISADOR DX0149 0 45L
600012883,TINTA SPRAY AMARELO SOL
600012884,TINTA SPRAY VERDE ABACATE
600012885,INTERRUPTOR 15223 BRANCO VN44
600012954,GRADE FRONTAL VB18 VERMELHA
600012955,ORING DA PLATAFORMA SUCO QUEST
600012956,ADESIVO LATERAL DIR. VN30R HEINEKEN
600012957,ADESIVO LATERAL ESQ. VN30R HEINEKEN
600012958,TESTEIRA VN28 VERDE CINTRA
600012961,GAXETA PORTA VB18 PRETA 488x1195MM
600013159,RELE RP 5218
600013160,MOLDURA EXTERIOR VB43/VB99
600013162,CAPA DO DRENO BRANCA C/FURO
600013166,FUSIVEL DE VIDRO 1A P/ GELADEIRA
600013167,RELE 12V 16A
600013168,RELE 12V 40/30A SELADO
600013169,PORCA SEXTAVADA VB43
600013208,PORTA DE VN44/50R VERDE
600013209,PRATELEIRA VR08
600013210,TESTEIRA DE VB30 DEL VALLE
600013211,LATERAL DIR B.LIGHT VB30 VERDE 
600013212,LATERAL ESQ B.LIGHT VB30 VERDE
600013245,HÉLICE MOTOR 1/40
600013246,TESTEIRA VN30 HEINEKEN
600013303,MOLA HELICOIDAL DE AÇO P/PORTA VB32
600013309,BALANCA DOSADORA ELETRONICA 3 KG
600013310,VALVULA TIPO BASE PARA CILINDRO DE GÁS
600013311,GÁS R290A (PROPANO)
600013329,MOTOR DO VENTILADOR 25 WATT ENERGIZE 4
600013330,HÉLICE DO VENTILADOR ENERGIZE 4
600013331,MOTOR AGITADOR ENERGIZER 4
600013332,VALV SOLENOIDE DE AGUA ENERGIZER 4
600013333,PLACA ELETRONICA DO MOTOR ENERGIZE
600013334,TRANSFORMADOR 24V ENERGIZER
600013335,BOMBA P/ REC DE AGUA 100GPH VA ENERGIZE4
600013336,BOMBA P/ REC DE AGUA 100GHP MS ENERGIZE4
600013360,ETIQUETA PREVENTIVA VENDING MACHINE
600013364,COMPRESSOR R290 EMBRACO 220V
600013365,PORTA VB30 VERDE
600013366,GRADE FRONTAL VB30 VERDE CLARO
600013367,GAXETA CCV144 IMBERA
600013368,ADESIVO LATERAL ESQ. CCV144 HEINEKEN
600013369,ADESIVO LATERAL DIR. CCV144 HEINEKEN
600013370,PORTA VR08 VERDE
600013371,DRENO SUPERIOR INOX
600013377,ADESIVO DE TESTEIRA VB30 DEL VALLE
600013378,ADESIVO HEINEKEN PARA VN30RL4748
600013384,PRATELEIRA VB43 COM GUIA
600013396,CONEXÃO EM J POST MIX
600013397,GAXETA YETI VRS16 IMBERA
600013426,COMPRESSOR VN44 R290
600013427,CONJUNTO DE RELÊ FFU130
600013428,CAPACITOR 145-175 MF VN44
600013431,RELÊ/PROT.EMI 90 R290
600013432,CAPACITOR 53-64 MF VN28
600013478,GAXETA VR08 YETI
600013479,UNIAO C/VALVULA SCHAR.1/4
600013480,GAXETA VRD12 IMBERA
600013485,ADESIVO COCA COLA LATERAL VB32
600013486,ADESIVO LAT DIREITO VB32
600013541,ENGATE RAPIDO 5/8 ROSCA X 3/8
600013542,ENGATE RAPIDO 5/8 ROSCA X 1/2
600013543,ENGATE RAPIDO TIPO Y 3/8
600013544,ENGATE RAPIDO COTOVELO 3/8 X 1/2
600013560,INTERRUPTOR 4 PINOS
600032617,MODULO TRANSF. INVENSYS BIVOLT M093
600032935,TORNEIRA BELGA
600032936,TORNEIRA AMSTEL DOURADA
600032937,BOLHA AMSTEL
600032946,MODULO DISPLAY INVENSYS M090
600033052,SENSOR NIVEL COMPACTO BIVOLT - RM8000
600033058,MANGUEIRA PARA CHOPP 3/8
600033059,MANGUEIRA PARA GÁS 1/4
600033060,ADESIVO DE DINHEIRO G III
600033271,MODULO TRANSF. INVENSYS 220V/60HZ 4M070
600033305,MODULO DISPLAY INVENSYS 97X50MM M071
600033323,REGUA DE LED PERIMETRAL MAIOR
600033324,REGUA DE LED PERIMETRAL MENOR
600033325,PROTETOR DE LED
600033326,TERMOSTATO VN44
600033327,ABRACADEIRA PARA FIO ELÉTRICO
600033330,GRADE FRONTAL DE VB30 VERDE ESCURO
600033333,ADESIVO LAT COCA VR08 V16
600033334,GRADE FRONTAL VERM. YETI VR08 DV
600033335,TAMPA INF. BACK LIGHT VERDE CLARO VB43
600033336,GRADE PRATELEIRA VN30 HEINEKEN
600033337,GRADE FUNDO DO MOTOR DE VN30
600033406,SOLUÇÃO ALCALINA ANTI-ESPUMANTE A - 107
600033407,DESENGRAXANTE ECOLÓGICO A - 250 E
600033573,PORTA DIREITA VB99 NOVA SEM TESTEIRA
600033574,PORTA ESQUERDA VB99 NOVA SEM TESTEIRA
600033575,GRADE TRASEIRA DO MOTOR DE VN28
600033576,GRADE TRASEIRA DO MOTOR DE CCV144 IMBERA
600033578,TINTA SPRAY VERNIZ METÁLICO
600033579,TINTA SPRAY CINZA
600033580,FILTRO TELA DO CONDENSADOR OLYMPUS
600033583,T PVC ROSCÁVEL 1/2
600033584,NIPEL PVC ROSCÁVEL 1/2
600033585,BUCHA REDUTORA ROSCÁVEL 3/4 X 1/2
600033586,CABO CONTROLADOR VN28
600033640,FONTE 15W IMBERA
600034163,TESTEIRA DE VB30 VERDE ESCURA S/ FURO
600034235,PLACA ELETRÔNICA ENERGIZE
600034398,CONECTOR T 1/4 CO2 P/ BOMBA BIB AMARELO
600034765,CONTROLADOR WELLINGTON SCS
600034766,MOLDURA CONTROLADOR WELLINGTON COCA COLA
600035009,TRILHO DE ALUMINIO DA PORTA VB32
600035261,REBITE DE ALUMINIO R519
600035624,GRADE FRONTAL VERMELHA DE VB30
600035625,BACK LICHT VERMELHA DE VB30
600035626,ADESIVO COCA COLA PARA TESTEIRA DE VB30
600035639,GAS ECOMATE
600035641,CARTUCHO GAS TUBO TOCHA 400GR
600035663,CONEXAO RAPIDA L 3/8 X3/8
600035664,CONEXAO RAPIDA TUBO MANGUEIRA 3/8  CINZA
600035665,CONEXAO RAPIDA COTOVELO PINO 3/8 CINZA
600035685,GRADE PRATELEIRA VRS16 IMBERA
600035688,REGUA DE LED IMBERA VRS16
600035689,ADESIVO PORTA DE VRS16 COCA-COLA
600035691,ADESIVO LAT DIR COCA-COLA VRS16
600035692,COLETOR DE AGUA IMBERA VRS16
600035694,PORTA VERM DE VRS16 IMBERA
600035695,GRADE FRONTAL VERM. VRS16 C/ FURO
600035699,CHICOTE LIGACAO CONTROLADOR EMS100 12V
600035700,ORING BANDEJA DRENO OLYMPUS
600035701,SENSOR BANCO GELO OLYMPUS IMPULSE
600035714,MOTOR BOMBA RECIRCULACAO ENERGIZE
600035729,T EM INOX ¼
600035735,ADESIVO PROIBIDO VENDA MENORES
600035778,PLUG FEMEA 2P+T 20A 250V
600035804,PROTETOR MICRO MOTOR VB30
600035809,ADESIVO TESTEIRA POWERADE
600035810,PRECIFICADOR 505 MM VB21/VB40/VB43/VN44
600035844,GAXETA VB43A OPTIMA 635X1558 MM CINZA
600035865,GRADE FRONTAL VERDE ESCURA   S/ FURO
600035891,PORTA DIR VERMELHA VDLAR VRS08 SG
600035915,SUPORTE SUPERIOR BACK LIGHT- 020205S006
600035916,SUPORTE INFERIOR BACK LIGHT - 020205S007
600035964,CLIP P/CREMALHEIRA 2MM AL BR
600035965,CONTROL ELE REF 220V S/SEN BR
600035966,GRADE ALAMB TRASEIRA 430X340MM
600035967,HELICE MYF PLA Ø6 31°
600035968,MODULO DE 6 LEDS PARALELO B
600035969,MOTOR I ELC 9W 220V 50/60HZ 1350RPM
600035970,PUXADOR PLA STD V7.2
600035971,SENSOR TEMP ETC1H 1.0M
600035972,GAXETA MAGNETICA VRS08 ( 557X1028MM )
600035973,GRADE ALAMB TRASEIRA VRS08 530X340MM
600035974,GRADE FRONTAL IMBERA TER VER VRS08 3D
600035975,SENSOR TEMP ETC1H 1.5M
600035976,COND 197 HEL 19V 5/16 AL QUA PIN BR
600035977,GAXETA MAGNETICA 478X1413MM
600035978,GRADE ABS HELICE UL
600035979,HELICE WEL PLA Ø8 28°
600035980,GRADE FRONTAL IMBERA TER PRE VR08 DOB DIR V14
600035981,MODULO 18 LEDS 4W 12V
600035982,MOTOR E WEL 16W 230V 60HZ 1800RPM EX
600035983,MOTOR E WEL 20W 230V 50/60HZ 1500RPM EX
600035984,GAXETA MAGNETICA G326 ( 488X1627MM )
600035985,GRADE ALAMB TRASEIRA G326 967X344MM
600035986,INTERRUPTOR MAGNETICO 1 POLO 1 TIROS/TER
600035987,GRADE FRONTAL IMBERA TER VER1795C G326 RAN
600035988,MODULO 24 LEDS 5.3W 12V
600035989,SENSOR TEMP 3.5M WELLSCSLC2004
600035990,GRADE FRONTAL IMBERA TER VER1795C VR08 KF BR DOB ES/DI
600035991,ADESIVO LAT COCA VRS16 V16
600035992,ADESIVO GRADE FRONTAL IMBERA COCA VRS19
600035993,ADESIVO PTA COCA VRS19 EMS
600035994,GAXETA MAGNETICA VRS16 (673X1632MM)
600035995,GRADE ALAMB TRASEIRA 630X344MM
600035996,HELICE WEL PLA Ø8 3/4 25°
600035997,GRADE FRONTAL IMBERA TER VER1795C VRS16 WELL DOB DIR
600035998,GAXETA MAGNETICA 478X697MM
600035999,GRADE FRONTAL IMBERA TER PRE VR04 V7 DOB DIR
600036000,MOTOR E WEL 20W 230V 50/60HZ 1400RPM
600036027,PLUGUE 2P+T 16A  200/250V 6H AZUL-N3076
600036028,ADESIVO GRADE FRONTAL IMBERA COCA VRS08
600036029,ELETRODO C/ CHICOTE P/ MAQ OLYMPUS
600036074,CABO DE ALIMENTACAO 220V 10A IMBERA
600036106,GAXETA MAGNETICA 496X1050MM
600036107,GRADE FRONTAL IMBERA TER VER1795C VRD12
600036108,ADESIVO FANT GUARANA 5 8X6 5 CM POST MIX
600036112,ANEL VEDACAO EMBOLO VALVULA EXTRATORA
600036138,BICO DESVIADOR OLYMPUS
600036139,VALVULA DE ALIVIO AZUL ENERGIZE 4
600036140,CABO DE FORCA ENERGIZE 4
600036141,SENSOR DE TEMPERATURA ENERGIZE 4
600036142,CONECTOR P/ CABO DE FORCA ENERGIZE 4
600036143,GRAMPO DE FIXACAO DO SENSOR ENERGIZE 4
600036144,PORTA DIR VERMELHA VDLAR VRS08 SG
600036145,PORTA RVD VERM 1795C VSR16/VRS19 LED
600036146,PRATELEIRA VRS08 STD
600036147,PRATELEIRA VRS16 BR
600036154,PRATELEIRA G326 BR
600036155,ADESIVO LATERAL COCA G326*42 V16
600036156,ADESIVO PORTA V COCA G326
600036165,FIXADOR ADESIVO 3M
600036166,TERMINAL FEMEA ISOLAMENTO 1 5MM
600036167,TERMINAL MACHO ISOLAMENTO 1 5MM
600036218,ADESIVO LAT DIR COCA VRS08 V11
600036226,PRECIFICADOR HIPS PRECIADORA BRA V7 VRS08
600036227,PRECIFICADOR HIPS PRECIADORA BRA V7 VRS16
600036231,KIT SENSOR TEMPERATURA COND 3.3M COEL
600036232,PLACA DISPLAY REMOTO CF2 2009 COEL 6F BR
600036233,MODULO TRANSF.RE COEL BIVOLT VN50RC R290
600036234,DISPLAY COEL P03MZ
600036235,CABO DE COMUNI. MODULO/DISPLAY COEL SLIM
600036236,MODULO TRANS RELE COEL 127V/220V 50/60HZ
600036237,MODULO CONTROL/DISPLAY COEL  127/220V
600036238,CABO CONTROLADOR RJ45 340MM
600036254,ADESIVO MONSTER
600036255,TAMPA SUPERIOR MONSTER
600036256,GRADE ELEVATORIA MONSTER
600036257,RODIZO COOLER MONSTER
600036265,CAIXA DISPLAY CIF COEL
600036266,TAMPA CAIXA DISPLAY CIF COEL
600036267,ADESIVO DISPLAY CIF COEL
600036268,SUPORTE MET DPLAY SUP CF2
600036269,CABO TARJETA DPLAY* REMOTO 50 3.3M COEL
600036285,ADESIVO LATERAL DIREITO  OLYMPUS NOVA
600036286,ADESIVO LATERAL ESQUERDO  OLYMPUS NOVA
600036313,MODULO TRANSF.COEL B05 BIVOLT VN50 HNK
600036314,SENSOR MAGNETICO PRETO 25 MM S/CABO
600036315,SENSOR MAGNETICO PRETO 25 MM C/CABO
600036316,DISPLAY COEL PD3MZ
600036317,SENSOR VN PRETO C/1900 MM
600036318,SENSOR VN CINZA C/ 2400 MM
600036319,CABO DE COMUNIC. MODULO/DISPL COEL SLIM
600036320,MOTOR E WEL 16W 220V 60HZ 1800RPM VRS16
600036321,HELICE WEL PLA Ø8 28° VRS 16
600036322,COMPRESSOR FFU100HAK 220V 50/60HZ VRS 16
600036323,FILTRO DESIDRATADOR 1/2HP PL VRS 16
600036324,MOTOR 1/40HP 220V 50/60HZ 1550RPM VRS16
600036325,BASE MOTOR COND 84MM BR VRS16
600036326,HELICE WEL PLA Ø10 28° VRS 16
600036327,SUPORTE NYL T MOTOR INF FV VRS 16
600036328,SENSOR TEMP ETC1H 1.0M VRS16
600036330,HELICE WEL PLA Ø8 3/4 25° VRS08
600036331,CONTROL ELE REF 220V C/SEN BR VRS08
600036334,MOTOR ELC 16W 220V50HZ 1850RPM S/H VRS08
600036358,GRADE PRATELEIRA LATERAL  VB 99T/VBM3T
600036359,GRADE PRATELEIRA CENTRAL  VB 99T/VBM3T
600036360,GRADE  FUNDO LATERAL VB99T/VBN3T
600036361,GRADE  FUNDO CENTRAL VB99T/VBN3T
600036366,CHICOTE ADAPTADOR WELLINGTON/ELSTAT
600036427,HELICE PLASTICA PRETA 9 POL
600036518,SENSOR VN PRETO EMS75 3450MM
600036539,PRATELEIRA VRD12
600036541,GAXETA VRD12
600036542,GRADE FRONTAL IMBERA TER VER1795C VRD20
600036577,GRADE FRONTAL IMBERA TER VER1795C VRD20 POS
600036723,PRECIFICADOR 535mm VB65/99
600037153,ADESIVO LAT ESQ COCA EVC07
600037154,ADESIVO LAT DIR COCA EVC07
600037155,GRADE FRONTAL IMBERA TER PRE EVC07 DOB DIR BR
600037156,ADESIVO LAT MONSTER VR08 V14
600037157,GRADE FRONTAL IMBERA TER PRE VR 08 DOR DIR V14
600037158,PUXADOR PLA STD  V 7.2
600037159,ADESIVO TOLVA MONSTER VR08 BR
600037408,MICROMOTOR 1/25 HP 1310/1480RPM BIVOLT
700000091,ATIVO IMOB GELADEIRA E EQUIPAMENTO DE PM
700000158,GRADE SEM FURO HUSSMAN
700000159,GRADE FRONTAL VB 43 SDQ
700000160,COLETOR DRENO VB 12
700000161,SEPARADOR DE LIQUIDO
700000162,SENSOR DE TEMPERATURA CCV 114
700000163,REATOR 2x20
700000164,TAMPA TESTEIRA HB 11
700000165,TOMADA 3 PINOS
700000166,PE NIVELADOR CCV 114
700000167,PROTETOR SENSOR VN 44
700000168,PINO DE PORTA
700000169,TRANSFORMADOR VB 43 110V
700000170,TERMOSTATO HB 11
700000171,DISPLAY CERVEJEIRA
700000172,MODULO DE TRANSFERENCIA CERVEJEIRA
700000173,DISPLAY IMBERA COCA COLA
700000174,PLACA TRASNFENCIA IMBERA
700000175,GRADE FRONTAL VN 30 PRETA
700000176,CONJUNTO COMPLETO EVAPORADOR VB 32
700000177,PRATELEIRA VB 28
700000178,TESTEIRA VB99
700000179,PUXADOR AMARELO VN 44
700000180,PUXADORVERMELHO VN 44
700000181,PUXADOR VERDE VN 44
700000182,PUXADOR PRETO VN 29
700000183,EVAPORADOR VN 43
700000184,EVAPORADOR VN 44
700000185,COLETOR DRENO VR 08
700000186,EVAPORADOR VB 43
700000187,EVAPORADOR VB 30
700000188,EVAPORADOR CCV 144
700000189,EVAPORADOR VB 99
700000190,EVAPORADOR VB 32
700000191,TESTEIRA VB43
700000192,BANDEJA DEGELO CCV 144
700000193,VALVULA PUSH
700000194,TESTEIRA BAVARIA VN
700000195,TESTEIRA VB 43
700000196,TESTEIRA KAISER VN
700000197,TESTEIRA MATE LEAO
700000198,CUPULA HB 11
700000199,GRADE FRONTAL CCV 144
700000200,BOMBA DE VACUO
700000201,TESIERA DUPLA HUSSMAN
700000202,MALETA ETIQUETADORA
700000203,PARAFUSO M1
700000204,PARAFUSO M2
700000205,REBITE TRILHO VB 43
700000206,PARAFUSO M3
700000207,PARAFUSO M4
700000208,ARRUELA
700000209,BORRACHA VEDACAO MANOMETRO
700000210,RACK POST MIX
700000211,CABO DE FURADEIRA
700000212,DENSIMETRO
700000213,SARGENTO
700000214,TERMINAL OLHAL
700000215,TERMINAL U
700000216,PRESILHA LED
700000217,KIT DE SOLDA
700000218,KIT PONTA MAÇARICO
700000219,GRADE FRONTAL VN28
700000220,REGUA LED 220 PEQUENA
700000221,PORTA VRS16
700000222,TESTEIRA VN30
700000223,MAQUINA DE RECIRCULACAO
700000224,VALVULA DE SUCO
700000225,BANDEJA DE SUCO
700000226,SAQUINHO AMOSTRA AGUA
700000227,BOMBA DE XAROPE
700000228,ABRACADEIRA DE REGULAGEM
700000229,CIRCULACAO TORRE POST MIX
700000230,CARTELA DPD
700000231,PORCA CARCACA
700000232,COPO GRADUADO MAQ SUCO QUEST ELITE
700000233,SUPORTE SENSOR DE GELO CONVENCIONAL
700000234,SAQUINHO AMOSTRA DE XAROPE
700000235,PISTAO AGUA 1 5 - 3 0 P/ VALV SFV1
700000236,ENGATE COLETA DE AGUA
700000237,PORCA SEXTAVADA MANOMETRO CO2
700000238,CHAVE DE CILINDRO
700000239,T EM INOX 1/4
700000240,NIP DE 1/2
700000241,COTOVELO DE 1/2
700000242,ADAPTADOR DE 1/2
700000243,TAMPAO 3/4
700000244,T DE 1/2
700000245,TAMPAO DE 1/2
700000246,LUVAS DE 1/2
700000247,ROSCA ESQUERDA
700000248,DESVIO P/SUCO POST MIX
700000249,FUNIL
700000250,MANGUEIRA AGUA CARBONATADA
700000251,BUCHA P/ GESSO
700000252,VALVULA RETENCAO AGUA CARBONATADA
700000253,CAPACITOR E MOTOR AGITADOR
700000254,SUPORTE DO AGITADOR
700000255,BASE NOTA VB30
700000256,ADAPTADOR DE SUCO
700000257,SUPORTE CARCACA FILTRO
700000258,BOTIJA
700000259,SERPENTINA
700000260,TAMPAO 3''
700000261,TAMPAO 4''
700000262,T DE 1/2
700000263,CURVA DE 3''
700000264,VALVULAS DISPENSADORA CREMADORA
700000265,VALVULA EXTRATORA EM ACO INOX
700000266,BOCAL DE LIMPEZA DE LINHA
700000267,PLUGUE 2P+T 16A  STECK
700000268,SUPORTE MEDALHAO
700000269,ACRILICO VB99
700000270,CONEXAO RAPIDA 3/8
700000271,MEDALHAO GRANDE HEINEKEN
700000272,MEDALHAO GRANDE XINGU
700000273,MEDALHAO PEQUENO XINGU
700000274,ADESIVO PEQUENO AMSTEL
700000275,PROTETOR LAMPADA VB43
700000276,ADESIVO PEQUENO KAISER
700000277,ADESIVO PEQUENO XINGU
700000278,BANDEJA DRENO
700000279,PARAFUSO FIXACAO TORRE CHOPP
700000280,ESPIGAO 1/4
700000281,TUB EM TUB
700000282,TUB EM TUB TRIPLO
700000283,ENGATE RAPIDO DE CHOPP
700000284,T 3/8 REDUCAO 1/4
700000285,T 5/8 REDUCAO 1/4
700000286,ESPIGAO ENGATE RAPIDO
700000287,PULMAO
700000288,SUPORTE BANDEJA CHOPP
700000289,ARRUELA PARA TORRE
700000290,CARCACA DE FILTRO
700000291,BANDEJA DE CHOPEIRA
700000292,BASE TORRE CHOPP
700000293,QUEPE LARANJA
700000294,PRATELEIRA VRS 08
700000295,PRISIONEIRA DE TRAVE
700000296,ANEL ORING VALVULA EXTRATORA CHOPP
700000297,MANOMETRO P/ FESTA
700000298,VALVULA DE CHOP
700000299,GRADE DA PINGADEIRA OLYMPUS
700000300,BACIA DA PINGADEIRA OLYMPUS
700000301,CONEXÃO EM J POST MIX
700000302,SENSOR DE NIVEL COMPACTO BIVOLT
700000303,BOMBA  DE CIRCULACAO INTERNA CHOPEIRA
700000304,COLETOR DE DRENO VB32
700000305,TOMADA FEMÊA  2 PINOS
700000306,SUPORTE ENCAIXE GRADE PROT. MOTOR METALF
700000307,TOMADA MACHO 3 PINOS
700000308,DISPLAY VENDING MACHINE GIII
700000309,LATERAL ESQ B.LIGHT VB30 VERDE
700000310,TAMPA INF. BACK LIGHT VERDE CLARO VB43
700000311,QUEPE DE GUARDA SUPERIOR  VERMELHO
700000312,QUEPE DE GUARDA AMARELO
700000313,TAMPA INF B LIGHT VB43 LARANJA
700000314,QUEPE PRETO VN 29/VN  43
700000315,PRATELEIRA VB43
700000316,PRATELEIRA VB99
700000317,CHAVE CARCAÇA FILTRO
700000318,PE DE MAQUINA POST MIX
700000319,DESVIADOR MAQUINA SUCO
700000320,PUXADOR CCV144
700000321,PUXADOR IMBERA PRETO
700000322,EVAPORADORA VN 28
700000323,COLETOR DRENO
700000324,QUEPE DE GUARDA SUP VN MV BRANCO
700000325,TRILHO DE ALUMINIO DA PORTA VB32
700000326,ABRACADEIRA DE REGULAGEM
700000327,SUPORTE MEDALHAO MEDIO
700000328,SUPORTE MEDALHAO GRANDE
700000329,BANDEJA DE CHOPEIRA GRANDE
700000330,LACRE PARA VALVULA POST MIX
700000331,ORING DO CONJUNTO CAMISA PISTÃO
700000332,ALAVANCA RETA P/ VALV SFV-1
700000333,CONDENSADOR DE GELADEIRA
700000334,KIT LANCADOR PNEUMATICO UC
700000335,SUPORTE PARA CARCACA DE FILTRO
700000336,FILTRO TELA DO CONDENSADOR OLYMPUS
700001809,GELADEIRA FAST LANE VB32RL
700001814,GELADEIRA PENTAGONO
700001816,GELADEIRA VISU LOW COST 115 LTS
700001817,GELADEIRA VISU LOW COST G VB18LH
700001818,GELADEIRA VEU DE NOIVA
700001819,GELADEIRA VISU DUPLA
700001820,GELADEIRA VISU SIMPLES VRS16
700001821,GELADEIRA VISU SLIM VR08
700001823,GELADEIRA VEND MACHINI G 2
700001827,MAQUI3 POST MIX 6 VALVULAS
700001842,CHOPEIRA ELETRICA EXPANSAO
700002246,KIT INSTALACAO 6V
700002538,GELADEIRA EVC 07
700002539,COOLER - GELOPAR
700002662,CONTROLADOR WELLINGTON
700002663,CONTROLADOR EMS 25
700002664,PUXADOR AMARELO
700002665,PUXADOR VB43
700002666,GRANDE FUNDO DA YETI
700002667,CANETA MACARICO
700002668,GRADE TRASEIRA DO MOTOR DE VN30
700002669,FONTE TRANSFORMADOR POST MIX
700002670,SUPORTE  GABINETE POST MIX
700002671,SUPORTE CILINDRO CO2
700002672,GRADE FRONTAL VN44
700002673,TESTEIRA VN28
700002674,GRADE PROTECAO HB11
700002675,GRADE FRONTAL FRENTE VR08
700002676,GRADE FRONTAL VRS 08
700002677,GRADE FRONTAL TRASEIRA VB10
700002678,GRADE FRONTAL VB44
700002679,GRADE FRONTAL VN29/VN43 VERMELHA
700002680,GRADE FRONTAL VB18
700002681,BANDEJA GELO VB43
700002682,CALHA GELADEIRA VN44
700002713,MOLA DO RETORNO DO INLET
700002714,SUPORTE DA BOMBA DO BAG
700002715,VALVULA DISPENSAD SF1 C/HASTE DE ACO
700002718,PORTA REUBLY VERMELHA
700002719,PORTA VB 43 VERMELHA
700002720,PORTA DUPLA  VERMELHA
700002721,PORTA BURN VR 15
700002722,PORTA VB 10  VERMELHA
700002723,PE DE BORRACHA POST MIX
700002724,BANDEJA DE DEGELO  VB 99
700002725,GAXETA  VN29
700002726,GAXETA  VN10
700002727,GAXETA  VR16
700002728,GAXETA  VR18
700002729,GAXETA  VB30
700002730,SUPORTE CONTROLADOR DIGITAL
700002731,PRATELEIRA VB30
700002732,PRATELEIRA VB10
700002733,PRATELEIRA  CCV144
700002734,PRATELEIRA  VRS 16
700002735,PRATELEIRA  VB 18
700002736,PRATELEIRA  HB 11
700002737,PRATELEIRA  VR1.5 BURN
700002738,PRATELEIRA  VISU HUSSMANN
700002739,PRATELEIRA  VB 12
700002754,GRADE FRONTAL VB 32
700002755,GRADE FRONTAL VB 99
700002756,PRATELEIRA VB 32
700002757,GRADE FRONTAL VRS 16
700002758,ESPONJOSO
700002759,PRATELEIRA  VRS 08
700002760,GRADE PROTECAO MICRO VB32
700002761,GRADE TRASEIRA VB 43
700002768,TAMPA BACK LIGHT VERMELHA VB99S
700002769,TRANSFORMADOR DE VOLTAGEM 2000 WATS
700002770,T EM INOX 3/8
700002772,GRAMPO PRATELEIRA VRS 08
700002773,SUPORTE PLASTICO
700002776,PORTA VERMELHA VB99
700002777,SUPORTE PORTA VB 43
700002778,MANOMETRO
700002779,CABO FORCA
700002780,PLACA IMBERA
700002781,COMPRESSOR 220
700002782,BASE COMPLETA VN 28
700002993,FIXADOR ADESIVO 3M
700002994,TERMINAL FEMEA ISOLAMENTO 1 5MM
700002995,TERMINAL MACHO ISOLAMENTO 1 5MM
700002996,PUXADOR VN 28
700003036,PRATELEIRA VN28
700003037,TESTEIRA VB 99
700003038,REGUA LED C/FONTE INCORPORADA
700003039,GAXETA  VB99
700003040,MOLA HELICOIDAL DE ACO P/PORTA VB32
700003048,GRADE FUNDO PROTECAO VB99
700003049,GRAMPO VN44
700003050,PUXADOR VB 99
700003051,TESTEIRA HEINEKEN
700003052,GRADE PRATELEIRA VN44
700003053,GRAMPO DE PRATELEIRA DE VB 43
700003054,GRAMPO DE PRATELEIRA DE VRS 16
700003055,CABO SENSOR DE TEMPERATURA VN PRETO
700003056,SENSOR CONTROLADOR EMS55 WIRE 2 5M PRETO
700003078,MOTOR DE INDUCAO METALFRIO 220V
700003079,MICRO 1/30- 220V
700003080,FONTE PARA LEDS VB 43  MTF
700003081,COMPRESSOR R290 EMBRACO 220V
700003082,MICRO 1/30- 220V - VN44
700003097,ENDURO 250 8V   COLD MIX
700003098,CARBONATADOR COLD  MIX
700003099,KIT INSTALACAO COLD MIX
700003100,PRATELEIRA COLD MIX
700003156,ADAPTADOR KENDY 15W 100/250V
700003157,GAXETA  VB43
700003158,PLACA ADAPTADOR CTRL SCS
700003159,MOTOR E WEL 1/25 HP 50/60HZ 1460RPM
700003160,MOTOR COMPRESSOR FFU 130 HAX 220/60 BTU
700003161,MOTOR I GEC 40W 220 V 60HZ 3000 RPM
700003162,CALHA DA LAMPADA 550 MM
700003163,PUXADOR PLA STD VER1795 P VB43
700003164,REGUA LED C/FONTE INCORPORADA
700003165,SENSOR TEMP 3.5M WELLSCSLC2004
700003166,CLIP P/CREMALHEIRA 2MM AL BR
700003167,SUPORTE P/ PRATELEIRA PRATA
700003168,ADESIVO LAT COCA VRS16 V16
700003169,ADESIVO VISU LATERAL COCA COLA VB99
700003170,BARRA TORCAO DA PORTA VB43
700003171,GRADE ALAMB TRASEIRA 430X340MM
700003172,QUEPE VERMELHO IMBERA
700003173,RELE RP 5218 220V
700003174,ADESIVO LAT. DIR. VB 43 CC
700003175,ADESIVO LAT. ESQ. VB 43 CC
700003176,CABO DE ALIMENTACAO 220V 10A IMBERA
700003177,CAPACITOR ELETROLITICO 90-110 UF 220V
700003178,COMPRESSOR  1PH  T6215Z 208-230V
700003179,CONTROLADOR WELLINGTON SCS  2004 90/240
700003753,MOTOR 1/25 BIVOLT SENTIDO ANTI HORARIO
700003754,GRADE FUNDO DO MOTOR DA VB43
700003755,PORTA TIRA HIPS PRECIADORA BRA V7 VRS08
700003756,GAXETA YETI VRS16 IMBERA
700003757,PE NIVELADOR IMBERA
700003758,PE NIVELADOR VB43 / VB12
700003759,COLETOR DE DRENO VB99
700003760,QUEPE VN 29/VN  44
700003810,INTERRUPTOR PORTA VB43RE
700003811,PORTA VRS08
700003812,LAMPADA LED TUBOLAR 18W BIV. 6000K
700003813,PORTA DE VN44/50R VERDE
700003814,TESTEIRA VN44 HEINEKEN
700003815,PRATELEIRA VN50
700003816,PRATELEIRA G342
700003817,TAMPA LATERAL VB30
700003818,GRADE FRONTAL VB30
700003885,CANALETA DE PLASTICO VB43
700003886,PROTETOR DE LED VB43
700003887,MODULO 93 VN44
700003888,DISPLAY 90 VN44
700004104,BARRA DE  LED  VRS 16
700004105,PRATELEIRAS IMBERA VRD 20
700004106,GRADE  FRONTAL C/FURO VRD 20
700004107,GRADE FRONTAL  SEM FURO VRD 20
700004108,PRATELEIRAS VN 29
700004234,MODULO  VN28
700004235,DISPLAY VN28
700004236,PROTETOR LED VB30
700004237,GRADE FRONTAL VB28
700004238,GRADE FUNDO VB28
700004239,PUXADOR VRS08
700004240,REGUA DE LED VRS16
700004245,GAXETA VRS08
700004246,TERMOSTATO VB30
700004247,PRECIFICADOR VRS16
700004248,TERMOSTATO VRS08
700004291,DUTO DE AR VB43
700004519,HELICE MICRO INTERNO VN44
700004520,HELICE MICRO INTERNO VB99
700004521,HELICE MICRO INTERNO VB43
700004522,GRADE TRASEIRA VB16
700004523,GRADE TRASEIRA VB30
700004524,BANDEJA DE GELO VB30
700004525,CAPACITOR VB99
700004526,SENSOR PORTA VRS16
700004527,PE NIVELADOR VB28
700004578,GELADEIRA VISU SLIM CERVEJA EISENBAHN
700004580,GELADEIRA VISU SLIM CERVEJA ESTRELLA GAL
700004676,GELADEIRA FIRST COOLER COCA COLA
700004677,GELADEIRA VISU SLIM VR08 BLACK
700004729,GELADEIRA VISU DUPLA SLIM G326
700004730,GELADEIRA VISU LOW COST G VB18LH BLACK
700004731,GELADEIRA VISU SIMPLES VRS16 BLACK
700004816,GELADEIRA VISU SLIM MONSTER